{
  "generatedAt": "2026-04-03T19:52:08.687Z",
  "modelVersion": "predictive-v3.2",
  "calibrationVersion": "consumption-cal-v2",
  "horizons": {
    "12": {
      "globalRate": 0.05473150582050319,
      "step": 0.1,
      "buckets": [
        {
          "bucket": "0.4-0.5",
          "count": 10652,
          "avgRawPredicted": 0.4790767650522601,
          "avgCalibratedPredicted": 0.054731505820501375,
          "realizedRate": 0.05473150582050319
        }
      ]
    },
    "24": {
      "globalRate": 0.038128249566724434,
      "step": 0.1,
      "buckets": [
        {
          "bucket": "0.4-0.5",
          "count": 6347,
          "avgRawPredicted": 0.4798252242637648,
          "avgCalibratedPredicted": 0.038128249566718286,
          "realizedRate": 0.038128249566724434
        }
      ]
    },
    "72": {
      "globalRate": 0.5,
      "step": 0.1,
      "buckets": []
    }
  }
}