{
  "generatedAt": "2026-04-01T14:10:38.085Z",
  "modelVersion": "predictive-v3.2",
  "calibrationVersion": "consumption-cal-v2",
  "horizons": {
    "12": {
      "globalRate": 0.24654538224475595,
      "step": 0.1,
      "buckets": [
        {
          "bucket": "0.4-0.5",
          "count": 80472,
          "avgRawPredicted": 0.47915137598678237,
          "avgCalibratedPredicted": 0.24654538224450778,
          "realizedRate": 0.24654538224475595
        }
      ]
    },
    "24": {
      "globalRate": 0.14626115471454681,
      "step": 0.1,
      "buckets": [
        {
          "bucket": "0.4-0.5",
          "count": 74408,
          "avgRawPredicted": 0.4797580788013799,
          "avgCalibratedPredicted": 0.14626115471453346,
          "realizedRate": 0.14626115471454681
        }
      ]
    },
    "72": {
      "globalRate": 0.06046297593085372,
      "step": 0.1,
      "buckets": [
        {
          "bucket": "0.4-0.5",
          "count": 49981,
          "avgRawPredicted": 0.48072036957731246,
          "avgCalibratedPredicted": 0.06046297593090101,
          "realizedRate": 0.06046297593085372
        }
      ]
    }
  }
}